{"0.9.2": {"new_features": {"students": [], "coaches": [], "all": [], "admins": []}, "bugs_fixed": {"students": [], "coaches": [], "all": [], "admins": []}, "release_date": "2013/02/09", "git_commit": "7c326329b7ae1b6000d1c636cf8ca920a8cc8daa"}, "0.14.dev0": {"new_features": {"students": [], "coaches": [], "all": [], "admins": []}, "bugs_fixed": {"students": [], "coaches": [], "all": [], "admins": []}, "release_date": null, "git_commit": ""}, "0.10.1": {"new_features": {"students": [], "coaches": [], "all": ["we have a new (online) website"], "admins": []}, "bugs_fixed": {"students": [], "coaches": [], "all": ["better performance"], "admins": []}, "release_date": "2013/09/16", "git_commit": "f048c11289059f36af0bd1c368f9e0fb354b49b5"}, "0.10.0": {"new_features": {"students": ["summary of progress", "video available indicators"], "coaches": ["extended coach reports", "online coach reports"], "all": [], "admins": ["online usage reports", "synchronization reports"]}, "bugs_fixed": {"students": [], "coaches": [], "all": [], "admins": []}, "release_date": "2013/08/26", "git_commit": "d375134f2f9f1e0cc3cc1bed73227dcecf1061f3"}, "0.10.3": {"new_features": {"students": ["Better performance (faster save times and login times)", "Integration with latest exercises"], "coaches": [], "all": [], "admins": ["Easier updates for subtitles"]}, "bugs_fixed": {"students": [], "coaches": [], "all": [], "admins": []}, "release_date": "2014/01/06", "git_commit": "6e56d05e6f53661aea433d72ce7bddacacddc4b8"}, "0.10.2": {"new_features": {"students": ["Import your KA progress into KA Lite"], "coaches": [], "all": [], "admins": ["Now start KA Lite by double-clicking the start script"]}, "bugs_fixed": {"students": [], "coaches": [], "all": [], "admins": []}, "release_date": "2013/10/08", "git_commit": "5831abb8d2ee0815416a17885790679c4672bf97"}, "0.12.10": {"new_features": {"students": [], "coaches": [], "all": [], "admins": []}, "bugs_fixed": {"students": [], "coaches": [], "all": ["Make get_uuid more robust from race conditions"], "admins": ["Removed partially watched videos from CSV export"]}, "release_date": "2014/12/20", "git_commit": "b880fe4"}, "0.11.0": {"new_features": {"students": [], "coaches": [], "all": [], "admins": ["automated registration", "download and install via zip"]}, "bugs_fixed": {"students": [], "coaches": [], "all": [], "admins": []}, "release_date": "2013/09/03", "git_commit": "29eb96e136d702b5d128b6bbb1b5c347457d080f"}, "0.11.1": {"new_features": {"students": ["translated interface", "dubbed video support"], "coaches": [], "all": [], "admins": ["language pack downloads and updates", "dubbed video downloads"]}, "bugs_fixed": {"students": [], "coaches": [], "all": [], "admins": []}, "release_date": "2014/03/12", "git_commit": "a0a3a1e12ba08e0d6bf7f08739df1a8401da4bd3"}, "0.11.2": {"new_features": {"students": [], "coaches": [], "all": [], "admins": []}, "bugs_fixed": {"students": [], "coaches": [], "all": [], "admins": []}, "release_date": "2014/03/31", "git_commit": "abc123abc123abc123abc123"}, "0.12.3": {"new_features": {"students": ["Numpad for student exercises"], "coaches": [], "all": [], "admins": []}, "bugs_fixed": {"students": [], "coaches": [], "all": [], "admins": ["Mac OS X startup fix", "language names in dubbed video mapping cannot be empty"]}, "release_date": "2014/08/02", "git_commit": "90f8880"}, "0.12.2": {"new_features": {"students": [], "coaches": [], "all": [], "admins": ["'register' management command for registering from command line", "added --verbose option to syncmodels command to facilitate debugging and error reporting"]}, "bugs_fixed": {"students": [], "coaches": [], "all": [], "admins": ["deleted models should now be synced properly", "syncing no longer fails for duplicate names for users, groups, and facilities"]}, "release_date": "2014/07/16", "git_commit": "ca13eb4"}, "0.12.1": {"new_features": {"students": [], "coaches": [], "all": [], "admins": []}, "bugs_fixed": {"students": [], "coaches": [], "all": [], "admins": ["bugs in data sync fixed"]}, "release_date": "2014/07/01", "git_commit": "3aaf4ea"}, "0.12.0": {"new_features": {"students": [], "coaches": ["transfer students between groups"], "all": [], "admins": ["Delete language", "Delete groups", "Delete students"]}, "bugs_fixed": {"students": [], "coaches": [], "all": ["tweaks to the i18n framework"], "admins": []}, "release_date": "2014/06/30", "git_commit": "4f69360"}, "0.12.7": {"new_features": {"students": [], "coaches": [], "all": [], "admins": []}, "bugs_fixed": {"students": [], "coaches": [], "all": ["fix to handle multiple psutil versions", "use POST requests when deleting student groups"], "admins": []}, "release_date": "2014/10/08", "git_commit": "75591f"}, "0.12.6": {"new_features": {"students": [], "coaches": [], "all": [], "admins": []}, "bugs_fixed": {"students": [], "coaches": [], "all": ["Hotfix to allow Mac users to connect to the central server", "Mark old chronograph jobs as no longer running when server starts"], "admins": ["Critical fix: ensure models created elsewhere sync after being modified"]}, "release_date": "2014/09/08", "git_commit": "9cf2f05"}, "0.12.5": {"new_features": {"students": [], "coaches": [], "all": [], "admins": []}, "bugs_fixed": {"students": [], "coaches": [], "all": [], "admins": ["Critical fix: ensure models created elsewhere sync after being modified"]}, "release_date": "2014/08/08", "git_commit": "19055bb"}, "0.12.4": {"new_features": {"students": [], "coaches": [], "all": [], "admins": []}, "bugs_fixed": {"students": ["Stop opening new tabs when opening related videos from exercises"], "coaches": [], "all": [], "admins": ["Run setup when database is not initialized on startup"]}, "release_date": "2014/08/07", "git_commit": "8c3c331"}, "0.12.9": {"new_features": {"students": [], "coaches": [], "all": [], "admins": []}, "bugs_fixed": {"students": [], "coaches": [], "all": [], "admins": ["Fixed the issue with runserver failing when it tries to create a database", "Fix CSV export's logged_in and total_videos column"]}, "release_date": "2014/12/05", "git_commit": "a0333d4"}, "0.12.8": {"new_features": {"students": [], "coaches": [], "all": [], "admins": []}, "bugs_fixed": {"students": [], "coaches": [], "all": ["Mark registration process result immediately"], "admins": ["Fix Export CSV", "Validate username during installation for Windows"]}, "release_date": "2014/10/27", "git_commit": "b973ba1"}, "0.13.2": {"new_features": {"students": [], "coaches": [], "all": [], "admins": []}, "bugs_fixed": {"students": [], "coaches": [], "all": ["Fix a rendering bug in the sidebar"], "admins": ["Fix the FAQ links in the download videos page", "Avoid a long loop when invalidating the cache.", "Hide the streakbar for admins."]}, "release_date": "2015/05/18", "git_commit": "6b9a7ff"}, "0.13.0": {"new_features": {"students": [], "coaches": [], "all": [], "admins": []}, "bugs_fixed": {"students": [], "coaches": [], "all": ["Mark registration process result immediately"], "admins": ["Fix Export CSV", "Validate username during installation for Windows"]}, "release_date": "2014/11/06", "git_commit": "19b1a64"}}